{
  "project_info": {
    "project_number": "796191482295",
    "firebase_url": "https://uberick-dff43.firebaseio.com",
    "project_id": "uberick-dff43",
    "storage_bucket": "uberick-dff43.appspot.com"
  },
  "client": [
    {
      "client_info": {
        "mobilesdk_app_id": "1:796191482295:android:030c877f16e1087f",
        "android_client_info": {
          "package_name": "com.prov2.making.critical.michang.rickshaw"
        }
      },
      "oauth_client": [
        {
          "client_id": "796191482295-sonv99cms6jn03ffulmmeq6nepnf2i9n.apps.googleusercontent.com",
          "client_type": 1,
          "android_info": {
            "package_name": "com.prov2.making.critical.michang.rickshaw",
            "certificate_hash": "7b44369c75dc2501405b7686270e808a92bf563d"
          }
        },
        {
          "client_id": "796191482295-db92gct9vgjvd6j64556m2450hvbp690.apps.googleusercontent.com",
          "client_type": 3
        }
      ],
      "api_key": [
        {
          "current_key": "AIzaSyDzTGgdVdwgQbvYDN-5mjknyT5Nzym1m_o"
        }
      ],
      "services": {
        "analytics_service": {
          "status": 1
        },
        "appinvite_service": {
          "status": 2,
          "other_platform_oauth_client": [
            {
              "client_id": "796191482295-db92gct9vgjvd6j64556m2450hvbp690.apps.googleusercontent.com",
              "client_type": 3
            }
          ]
        },
        "ads_service": {
          "status": 2
        }
      }
    }
  ],
  "configuration_version": "1"
}